{
  "GaussNoise": {
    "orb_ratio": 1.025206765863553,
    "yolo_recall": 0.37359943977591037,
    "seg_miou": 0.26882008725558904
  },
  "JPEGCompression": {
    "orb_ratio": 0.9676846391709429,
    "yolo_recall": 0.5753151260504201,
    "seg_miou": 0.30002098779938663
  },
  "LowLight": {
    "orb_ratio": 0.8627711631728718,
    "yolo_recall": 0.1762955182072829,
    "seg_miou": 0.19628593003845896
  }
}