{
  "top_class_ids": [
    0,
    56,
    4,
    7,
    2,
    59,
    28,
    73
  ],
  "top_class_names": [
    "person",
    "chair",
    "airplane",
    "truck",
    "car",
    "bed",
    "suitcase",
    "book"
  ],
  "clean_counts": {
    "person": 43,
    "chair": 15,
    "airplane": 9,
    "truck": 6,
    "car": 4,
    "bed": 4,
    "suitcase": 3,
    "book": 3
  },
  "snr_per_level": {
    "GaussNoise": [
      28.775390625,
      22.876441955566406,
      17.021194458007812,
      12.430449485778809,
      8.29613971710205
    ],
    "JPEGCompression": [
      37.235687255859375,
      27.33802032470703,
      24.78424072265625,
      21.36504554748535,
      16.01558494567871
    ],
    "LowLight": [
      14.726457595825195,
      5.997346878051758,
      2.5704686641693115,
      0.8718398213386536,
      0.126342311501503
    ]
  },
  "recall": {
    "GaussNoise": {
      "level_1": {
        "person": 0.8604651162790697,
        "chair": 0.8,
        "airplane": 0.7777777777777778,
        "truck": 0.8333333333333334,
        "car": 0.25,
        "bed": 1.0,
        "suitcase": 0.3333333333333333,
        "book": 0.6666666666666666
      },
      "level_2": {
        "person": 0.813953488372093,
        "chair": 0.6666666666666666,
        "airplane": 0.6666666666666666,
        "truck": 0.8333333333333334,
        "car": 0.5,
        "bed": 1.0,
        "suitcase": 0.6666666666666666,
        "book": 0.6666666666666666
      },
      "level_3": {
        "person": 0.7674418604651163,
        "chair": 0.4,
        "airplane": 0.3333333333333333,
        "truck": 0.5,
        "car": 0.0,
        "bed": 1.0,
        "suitcase": 0.0,
        "book": 0.3333333333333333
      },
      "level_4": {
        "person": 0.6511627906976745,
        "chair": 0.26666666666666666,
        "airplane": 0.2222222222222222,
        "truck": 0.0,
        "car": 0.0,
        "bed": 0.75,
        "suitcase": 0.0,
        "book": 0.0
      },
      "level_5": {
        "person": 0.3023255813953488,
        "chair": 0.0,
        "airplane": 0.0,
        "truck": 0.0,
        "car": 0.0,
        "bed": 0.25,
        "suitcase": 0.0,
        "book": 0.0
      }
    },
    "JPEGCompression": {
      "level_1": {
        "person": 0.9534883720930233,
        "chair": 1.0,
        "airplane": 0.8888888888888888,
        "truck": 0.6666666666666666,
        "car": 1.0,
        "bed": 1.0,
        "suitcase": 0.0,
        "book": 0.6666666666666666
      },
      "level_2": {
        "person": 0.8837209302325582,
        "chair": 0.7333333333333333,
        "airplane": 0.6666666666666666,
        "truck": 0.8333333333333334,
        "car": 0.25,
        "bed": 1.0,
        "suitcase": 0.3333333333333333,
        "book": 0.3333333333333333
      },
      "level_3": {
        "person": 0.7441860465116279,
        "chair": 0.4,
        "airplane": 0.4444444444444444,
        "truck": 0.8333333333333334,
        "car": 0.25,
        "bed": 0.75,
        "suitcase": 0.0,
        "book": 0.3333333333333333
      },
      "level_4": {
        "person": 0.5581395348837209,
        "chair": 0.06666666666666667,
        "airplane": 0.5555555555555556,
        "truck": 0.3333333333333333,
        "car": 0.0,
        "bed": 0.0,
        "suitcase": 0.0,
        "book": 0.0
      },
      "level_5": {
        "person": 0.023255813953488372,
        "chair": 0.06666666666666667,
        "airplane": 0.0,
        "truck": 0.0,
        "car": 0.0,
        "bed": 0.0,
        "suitcase": 0.0,
        "book": 0.0
      }
    },
    "LowLight": {
      "level_1": {
        "person": 0.8372093023255814,
        "chair": 0.8,
        "airplane": 0.8888888888888888,
        "truck": 0.8333333333333334,
        "car": 1.0,
        "bed": 1.0,
        "suitcase": 0.3333333333333333,
        "book": 0.3333333333333333
      },
      "level_2": {
        "person": 0.7209302325581395,
        "chair": 0.7333333333333333,
        "airplane": 0.7777777777777778,
        "truck": 0.16666666666666666,
        "car": 0.5,
        "bed": 1.0,
        "suitcase": 0.0,
        "book": 0.3333333333333333
      },
      "level_3": {
        "person": 0.5813953488372093,
        "chair": 0.2,
        "airplane": 0.5555555555555556,
        "truck": 0.0,
        "car": 0.0,
        "bed": 1.0,
        "suitcase": 0.0,
        "book": 0.0
      },
      "level_4": {
        "person": 0.2558139534883721,
        "chair": 0.13333333333333333,
        "airplane": 0.3333333333333333,
        "truck": 0.0,
        "car": 0.0,
        "bed": 0.0,
        "suitcase": 0.0,
        "book": 0.0
      },
      "level_5": {
        "person": 0.023255813953488372,
        "chair": 0.0,
        "airplane": 0.0,
        "truck": 0.0,
        "car": 0.0,
        "bed": 0.0,
        "suitcase": 0.0,
        "book": 0.0
      }
    }
  }
}